epoch,time,train/box_loss,train/pose_loss,train/kobj_loss,train/cls_loss,train/dfl_loss,metrics/precision(B),metrics/recall(B),metrics/mAP50(B),metrics/mAP50-95(B),metrics/precision(P),metrics/recall(P),metrics/mAP50(P),metrics/mAP50-95(P),val/box_loss,val/pose_loss,val/kobj_loss,val/cls_loss,val/dfl_loss,lr/pg0,lr/pg1,lr/pg2
1,18.2775,2.82379,8.90914,0.70297,3.33069,2.41066,0.27725,0.4375,0.23768,0.07259,0,0,0,0,2.6311,9.36189,0.69562,2.47806,2.1393,0.000645833,0.000645833,0.000645833
2,36.4427,2.13335,8.10846,0.71449,2.41373,1.93255,0.01625,0.0625,0.01409,0.0037,0,0,0,0,3.20265,9.12654,0.66339,4.11106,3.27975,0.001306,0.001306,0.001306
3,54.6829,1.98438,8.2564,0.67946,2.3006,1.83963,0.49343,0.375,0.37886,0.09951,0,0,0,0,2.61463,8.35389,0.57985,3.06268,2.39764,0.00195957,0.00195957,0.00195957
4,72.7085,1.9627,8.14296,0.66025,2.02802,1.80565,0.1343,0.62061,0.16539,0.0762,0.00174,0.1875,0.00154,0.00045,1.89497,9.28669,0.52983,2.1082,2.45252,0.0019703,0.0019703,0.0019703
5,91.3747,2.06151,7.83683,0.65972,2.04936,1.79668,0.59368,0.6875,0.59877,0.36958,0,0,0,0,1.95532,7.66981,0.42955,2.24778,1.98027,0.0019604,0.0019604,0.0019604
6,109.79,1.90962,7.47403,0.67379,1.89898,1.71012,0.52858,0.5625,0.48991,0.19511,0,0,0,0,2.09637,8.04585,0.46689,2.26737,2.15314,0.0019505,0.0019505,0.0019505
7,128.378,1.76931,7.65456,0.66769,1.68791,1.66702,0.79646,0.5625,0.6424,0.45458,0,0,0,0,1.36202,7.82261,0.44539,1.84912,1.60108,0.0019406,0.0019406,0.0019406
8,148.079,1.52528,7.52668,0.67093,1.5533,1.55056,0.6304,0.53416,0.52473,0.25913,0,0,0,0,2.56609,7.31878,0.49841,5.17792,2.87306,0.0019307,0.0019307,0.0019307
9,167.008,1.46809,7.27331,0.66098,1.40709,1.44686,0.9046,0.59414,0.67824,0.48316,0,0,0,0,1.7744,6.7284,0.50978,2.50234,2.15118,0.0019208,0.0019208,0.0019208
10,185.31,1.36288,7.30197,0.70712,1.36484,1.44788,0.89316,0.6875,0.66938,0.46619,0.14939,0.0625,0.01625,0.00163,2.17626,7.21852,0.58959,1.72122,2.10805,0.0019109,0.0019109,0.0019109
11,203.907,1.45708,6.73802,0.67918,1.39385,1.50436,0.59852,0.375,0.40991,0.24159,0.02978,0.125,0.00521,0.00052,1.83567,6.91471,0.61983,2.29669,2.41882,0.001901,0.001901,0.001901
12,222.633,1.48222,7.29391,0.67855,1.56172,1.50393,0.68782,0.6875,0.69015,0.47653,0.44205,0.25,0.20826,0.0235,1.5512,6.02149,0.66383,1.73503,2.01333,0.0018911,0.0018911,0.0018911
13,241.508,1.32636,7.26779,0.65793,1.29165,1.42739,0.8932,0.625,0.78724,0.52417,0.03147,0.125,0.0083,0.00097,1.43192,6.56123,0.63502,1.55295,1.93624,0.0018812,0.0018812,0.0018812
14,259.997,1.30159,7.12144,0.652,1.34181,1.39416,0.60944,0.875,0.75542,0.45471,0.2715,0.25,0.14843,0.01872,1.4422,5.77386,0.60108,2.06822,1.83379,0.0018713,0.0018713,0.0018713
15,278.144,1.21375,6.9628,0.64592,1.13351,1.31157,0.79023,0.75,0.86729,0.47534,0.32894,0.1875,0.1295,0.01391,1.48899,6.16469,0.57165,2.25177,2.07979,0.0018614,0.0018614,0.0018614
16,296.812,1.09664,6.82314,0.65732,1.06006,1.28914,0.95173,0.8125,0.92981,0.65114,0.39545,0.3125,0.20859,0.02785,1.17324,5.77957,0.53638,2.49177,1.91865,0.0018515,0.0018515,0.0018515
17,316.647,1.16838,7.18488,0.64073,1.10304,1.3322,0.83078,0.875,0.90891,0.69403,0.43005,0.5,0.22,0.02927,1.01868,5.48154,0.51159,1.61359,1.39681,0.0018416,0.0018416,0.0018416
18,336.549,1.22074,6.90148,0.63105,1.17776,1.41065,0.92924,0.82132,0.90863,0.64924,0.50051,0.5,0.28733,0.0528,1.11012,5.49582,0.49543,1.06071,1.39203,0.0018317,0.0018317,0.0018317
19,355.864,1.10631,6.53911,0.64301,1.06177,1.27087,0.83992,0.8125,0.88421,0.67911,0.21295,0.3125,0.07159,0.02736,0.84624,5.67421,0.48589,1.14356,1.21818,0.0018218,0.0018218,0.0018218
20,375.198,0.98582,6.21704,0.63002,1.11588,1.20033,0.88112,0.6875,0.87097,0.69668,0.28167,0.4375,0.13841,0.02284,0.81351,5.47796,0.45903,1.18252,1.24436,0.0018119,0.0018119,0.0018119
21,394.3,1.14982,6.32041,0.66691,1.08306,1.3577,0.78712,0.9249,0.90432,0.66142,0.62785,0.73861,0.59709,0.15474,0.86403,4.8297,0.43886,1.02171,1.20821,0.001802,0.001802,0.001802
22,413.296,1.14123,6.24811,0.66628,1.10333,1.40311,0.93584,0.9375,0.93147,0.66501,0.66638,0.6875,0.53633,0.08234,0.91115,4.65318,0.43608,1.0729,1.2713,0.0017921,0.0017921,0.0017921
23,431.585,1.02632,6.03306,0.64963,0.96716,1.22268,0.87487,0.875,0.87006,0.609,0.5536,0.5625,0.52188,0.07129,0.96786,4.79937,0.46216,1.73023,1.35214,0.0017822,0.0017822,0.0017822
24,449.75,1.15215,6.0392,0.5975,1.03513,1.2906,0.76459,0.81199,0.82193,0.55298,0.4076,0.5625,0.31176,0.07476,0.80864,4.8355,0.46169,1.65649,1.23017,0.0017723,0.0017723,0.0017723
25,467.563,1.02515,5.73405,0.67067,1.0179,1.24703,0.85584,0.875,0.90647,0.63074,0.44136,0.625,0.37005,0.11042,0.999,4.88641,0.44798,1.62896,1.40909,0.0017624,0.0017624,0.0017624
26,485.466,0.94602,6.12403,0.61813,0.92495,1.17186,0.70381,1,0.93276,0.66517,0.50761,0.75,0.56095,0.18176,1.04978,4.59675,0.43709,1.1656,1.52523,0.0017525,0.0017525,0.0017525
27,503.717,0.94572,5.33975,0.64032,0.92383,1.21166,0.7781,0.875,0.8996,0.62118,0.6597,0.75,0.7064,0.18636,1.15524,4.59699,0.45144,1.07363,1.70904,0.0017426,0.0017426,0.0017426
28,521.752,0.98786,5.27161,0.63689,0.94981,1.21671,0.85557,1,0.96571,0.65042,0.62246,0.75,0.58212,0.15791,1.08549,4.34763,0.42109,0.94827,1.66326,0.0017327,0.0017327,0.0017327
29,539.839,0.93202,5.23864,0.64994,0.91328,1.16856,0.91246,1,0.98029,0.68377,0.76856,0.875,0.8055,0.21318,1.08059,4.50487,0.40435,0.95361,1.52139,0.0017228,0.0017228,0.0017228
30,557.826,1.06978,5.91501,0.62623,0.96807,1.27007,0.83439,0.945,0.96339,0.71212,0.71552,0.6875,0.60838,0.13777,0.99027,4.8741,0.40329,0.82515,1.30034,0.0017129,0.0017129,0.0017129
31,575.845,1.01426,5.33674,0.61215,0.90375,1.22631,0.88039,0.92082,0.96212,0.69998,0.68824,0.55259,0.51648,0.1697,0.96584,5.11831,0.42643,0.84416,1.25551,0.001703,0.001703,0.001703
32,594.023,0.96434,5.48799,0.5844,0.88716,1.17154,0.75468,0.8125,0.86998,0.64573,0.90782,0.61623,0.61955,0.18632,1.06434,5.36218,0.44044,1.06136,1.35061,0.0016931,0.0016931,0.0016931
33,611.694,0.91529,4.86672,0.64859,0.84701,1.18553,0.93193,0.85664,0.94838,0.67548,0.733,0.6864,0.66069,0.23492,0.86818,4.4806,0.4509,0.87751,1.20653,0.0016832,0.0016832,0.0016832
34,629.732,0.87667,5.09622,0.63984,0.79033,1.15934,0.92574,0.9375,0.97321,0.72294,0.85797,0.875,0.81167,0.25785,0.8806,4.43754,0.43947,0.97113,1.1846,0.0016733,0.0016733,0.0016733
35,647.47,0.9358,5.12893,0.58046,0.80269,1.21518,0.94105,1,0.99147,0.76926,0.57404,0.625,0.37429,0.09257,0.8324,4.48744,0.436,0.97448,1.17716,0.0016634,0.0016634,0.0016634
36,665.68,0.86393,4.9615,0.61293,0.78182,1.11314,0.81876,1,0.9448,0.74026,0.30535,0.4375,0.16942,0.05166,0.78175,4.93966,0.45293,0.96619,1.20038,0.0016535,0.0016535,0.0016535
37,683.464,0.88337,4.97699,0.60592,0.80433,1.15237,0.83106,0.923,0.95939,0.79159,0.5639,0.6875,0.5388,0.17958,0.73228,4.57896,0.4388,0.86471,1.18134,0.0016436,0.0016436,0.0016436
38,701.308,0.93481,4.7658,0.64869,0.85192,1.14194,0.93655,1,0.98441,0.79092,0.8152,0.875,0.78446,0.33246,0.82391,4.38184,0.43096,0.79555,1.18308,0.0016337,0.0016337,0.0016337
39,719.416,0.97698,5.5299,0.61989,0.86003,1.20257,0.93967,0.97447,0.98441,0.71793,0.93967,0.97447,0.98441,0.33757,0.87539,4.34163,0.4181,0.84282,1.25122,0.0016238,0.0016238,0.0016238
40,737.331,0.95284,4.68409,0.62337,0.81854,1.15472,1,0.92343,0.983,0.7151,0.85608,0.74397,0.65643,0.15341,0.98804,4.69435,0.40709,0.88211,1.32861,0.0016139,0.0016139,0.0016139
41,755.43,0.86066,4.60803,0.63356,0.81718,1.17764,0.88278,1,0.98029,0.72526,0.60168,0.6875,0.49471,0.16389,0.9381,4.52979,0.42852,0.91155,1.30365,0.001604,0.001604,0.001604
42,773.282,0.90454,4.5428,0.64963,0.81905,1.16193,0.89919,1,0.98029,0.75423,0.67821,0.75,0.66,0.20641,0.77261,4.325,0.43043,1.13198,1.25251,0.0015941,0.0015941,0.0015941
43,791.245,0.87521,4.37004,0.65465,0.80213,1.1944,0.85332,0.9375,0.95762,0.71984,0.78222,0.75,0.745,0.29932,0.82094,4.36629,0.44078,1.13117,1.25128,0.0015842,0.0015842,0.0015842
44,809.369,0.9919,5.05841,0.62435,0.88831,1.27099,0.86557,0.9375,0.92273,0.69867,0.77079,0.6875,0.66094,0.1901,0.79812,4.80435,0.48578,0.99112,1.19689,0.0015743,0.0015743,0.0015743
45,827.242,0.89259,4.72949,0.66683,0.8275,1.19837,0.92117,0.9375,0.9395,0.76739,0.73666,0.75,0.687,0.25689,0.77051,4.6285,0.45101,0.83336,1.16658,0.0015644,0.0015644,0.0015644
46,845.308,0.81818,4.88978,0.62715,0.76269,1.10137,0.92744,0.9375,0.98833,0.77213,0.63607,0.625,0.585,0.25896,0.84167,4.39139,0.37194,0.79053,1.32761,0.0015545,0.0015545,0.0015545
47,863.266,0.80601,3.90868,0.66729,0.74956,1.12549,0.8703,0.9375,0.97321,0.74516,0.57741,0.625,0.60768,0.24116,0.96142,4.17917,0.38018,0.78258,1.4774,0.0015446,0.0015446,0.0015446
48,881.075,0.78084,4.19014,0.65641,0.74246,1.12054,0.92499,1,0.98794,0.74572,0.674,0.77612,0.69581,0.25915,0.83014,4.12269,0.38242,0.7577,1.38287,0.0015347,0.0015347,0.0015347
49,898.883,0.78845,4.34063,0.64282,0.73183,1.11273,0.9411,0.99868,0.98029,0.79099,0.82042,0.875,0.78288,0.26488,0.8116,4.03191,0.39297,0.74644,1.3031,0.0015248,0.0015248,0.0015248
50,916.694,0.92921,4.48909,0.63676,0.7973,1.1893,0.91057,0.9375,0.96301,0.76536,0.91057,0.9375,0.96301,0.2592,0.81099,3.77698,0.40527,0.77888,1.27014,0.0015149,0.0015149,0.0015149
51,934.56,0.88629,4.56709,0.64671,0.79665,1.12375,0.9812,0.75,0.93519,0.78654,0.9812,0.75,0.92829,0.21706,0.68148,3.86702,0.41106,0.76634,1.14317,0.001505,0.001505,0.001505
52,952.497,0.77329,4.38894,0.59796,0.70043,1.04812,0.8752,0.9375,0.96111,0.8111,0.63688,0.6875,0.56448,0.12601,0.71354,4.07112,0.4074,0.80831,1.1417,0.0014951,0.0014951,0.0014951
53,970.57,0.71138,4.275,0.62192,0.68038,1.0266,0.93893,0.96183,0.99147,0.81256,0.63851,0.6875,0.47444,0.11698,0.66194,4.35947,0.39889,0.76546,1.15453,0.0014852,0.0014852,0.0014852
54,988.227,0.78344,4.48451,0.6092,0.65948,1.11557,0.88792,0.9375,0.98833,0.82736,0.60839,0.625,0.5071,0.12828,0.69021,4.36347,0.41169,0.78265,1.13125,0.0014753,0.0014753,0.0014753
55,1006.07,0.81108,3.91675,0.66009,0.73365,1.14037,0.92524,1,0.97676,0.80801,0.70021,0.75,0.55875,0.13211,0.67129,4.30926,0.40961,0.81991,1.09648,0.0014654,0.0014654,0.0014654
56,1023.75,0.78342,4.55353,0.59765,0.69235,1.07553,0.91637,1,0.98794,0.80193,0.87119,0.84646,0.8625,0.20065,0.68976,4.34382,0.41301,0.83995,1.09684,0.0014555,0.0014555,0.0014555
57,1041.37,0.8413,3.92626,0.62886,0.754,1.11346,1,0.98554,0.995,0.82015,0.97219,0.9375,0.935,0.24488,0.68051,4.1561,0.42168,0.8241,1.06725,0.0014456,0.0014456,0.0014456
58,1059.06,0.748,4.09718,0.62011,0.67655,1.04842,0.98311,1,0.995,0.8411,0.92906,0.9375,0.935,0.33136,0.66634,3.83175,0.42797,0.85577,1.06159,0.0014357,0.0014357,0.0014357
59,1077.06,0.80939,4.28662,0.60138,0.6972,1.12921,0.97903,1,0.995,0.79957,0.97903,1,0.995,0.37056,0.71714,3.74822,0.41422,0.79577,1.11162,0.0014258,0.0014258,0.0014258
60,1094.85,0.8109,4.25269,0.58986,0.72238,1.12475,0.97428,1,0.995,0.82261,0.84895,0.875,0.77375,0.24676,0.66431,4.05282,0.38593,0.68963,1.11622,0.0014159,0.0014159,0.0014159
61,1112.78,0.72788,4.172,0.63392,0.68542,1.07775,0.92587,1,0.99147,0.81674,0.80949,0.875,0.75937,0.25186,0.69978,3.97504,0.39384,0.6867,1.09799,0.001406,0.001406,0.001406
62,1130.85,0.7713,3.90136,0.61511,0.77808,1.09615,0.94021,0.98355,0.98794,0.77118,0.88366,0.875,0.92794,0.36461,0.79691,3.90018,0.40587,0.71256,1.18313,0.0013961,0.0013961,0.0013961
63,1148.75,0.72973,4.08396,0.61565,0.64874,1.05041,0.9333,1,0.97676,0.76888,0.9333,1,0.97676,0.3827,0.78944,3.72303,0.41538,0.72535,1.2139,0.0013862,0.0013862,0.0013862
64,1166.31,0.80096,4.03271,0.64974,0.78592,1.1324,0.93619,1,0.98029,0.77763,0.90232,0.9375,0.92313,0.46531,0.74559,3.68543,0.42034,0.6763,1.15558,0.0013763,0.0013763,0.0013763
65,1184.42,0.82142,4.03568,0.62039,0.68877,1.11849,0.941,0.99707,0.99147,0.78903,0.92948,0.9375,0.935,0.43159,0.75128,3.90591,0.4271,0.58909,1.13176,0.0013664,0.0013664,0.0013664
66,1202.45,0.73365,4.04505,0.6493,0.68127,1.06066,0.98234,1,0.995,0.82927,0.80737,0.8125,0.70633,0.28497,0.74401,3.9075,0.43889,0.59478,1.10949,0.0013565,0.0013565,0.0013565
67,1220.09,0.71931,3.996,0.63549,0.66769,1.06716,0.92772,1,0.98794,0.81144,0.86973,0.9375,0.86731,0.30573,0.70295,3.92571,0.43701,0.62719,1.07145,0.0013466,0.0013466,0.0013466
68,1238.19,0.70722,3.88655,0.65913,0.65871,1.03216,0.7982,0.98929,0.94444,0.73717,0.78791,0.9375,0.89644,0.25226,0.76158,3.96588,0.4346,0.6714,1.08104,0.0013367,0.0013367,0.0013367
69,1256.36,0.72247,3.63768,0.65067,0.67443,1.07373,0.94988,0.875,0.97925,0.75655,0.97404,0.875,0.875,0.27507,0.72292,4.49914,0.41989,0.62077,1.06651,0.0013268,0.0013268,0.0013268
70,1274.41,0.75611,3.81583,0.62503,0.68052,1.06751,0.99962,0.9375,0.97864,0.7416,0.82861,0.75,0.63857,0.16631,0.74181,4.31955,0.43441,0.70043,1.10305,0.0013169,0.0013169,0.0013169
71,1292.37,0.6955,3.77786,0.62744,0.63679,1.04175,1,0.91683,0.983,0.73774,0.59952,0.5625,0.38459,0.16912,0.81414,4.1782,0.4466,0.76782,1.16026,0.001307,0.001307,0.001307
72,1310.65,0.73668,3.67157,0.62348,0.65849,1.05471,0.95968,0.875,0.98178,0.77029,0.8484,0.75,0.74957,0.25198,0.7932,3.79353,0.46506,0.72429,1.12499,0.0012971,0.0012971,0.0012971
73,1328.77,0.72206,3.95115,0.63742,0.69858,1.08357,0.88801,1,0.98458,0.80869,0.83094,0.9375,0.92705,0.37179,0.67955,3.62747,0.47389,0.70002,1.0908,0.0012872,0.0012872,0.0012872
74,1346.72,0.76799,3.89557,0.66484,0.69,1.13668,0.93668,0.92522,0.97489,0.82047,0.81062,0.8031,0.8111,0.2125,0.64939,3.85546,0.48279,0.65757,1.0472,0.0012773,0.0012773,0.0012773
75,1364.91,0.62325,3.64077,0.58552,0.57353,0.9743,0.92752,0.9375,0.97321,0.82411,0.80368,0.8125,0.76958,0.19646,0.70137,3.85524,0.48595,0.63414,1.09043,0.0012674,0.0012674,0.0012674
76,1383.65,0.68975,3.65833,0.60207,0.65339,1.022,0.94021,0.98365,0.98794,0.81386,0.79646,0.8125,0.73928,0.21405,0.7296,3.726,0.48753,0.64419,1.12399,0.0012575,0.0012575,0.0012575
77,1402.16,0.67971,3.70251,0.62151,0.62569,1.08758,0.93344,1,0.99147,0.81782,0.97048,0.9375,0.935,0.25004,0.67286,3.61792,0.49247,0.61177,1.09056,0.0012476,0.0012476,0.0012476
78,1420.72,0.66205,3.54233,0.62156,0.65447,1.03931,0.92697,1,0.99147,0.84818,1,0.91876,0.98553,0.23108,0.60413,3.72689,0.48378,0.60749,1.04341,0.0012377,0.0012377,0.0012377
79,1439.32,0.63003,3.71668,0.58689,0.57213,0.9838,0.9381,0.94765,0.99147,0.85706,0.97169,0.875,0.97594,0.20939,0.59557,3.68198,0.48353,0.61574,1.01864,0.0012278,0.0012278,0.0012278
80,1457.82,0.68247,3.43798,0.62203,0.65032,1.06055,1,0.96111,0.995,0.86235,0.86811,0.82331,0.87593,0.23369,0.63211,3.76794,0.49087,0.6034,1.01957,0.0012179,0.0012179,0.0012179
81,1476.2,0.70766,3.21715,0.62904,0.68901,1.05671,0.99222,1,0.995,0.85188,0.99936,0.9375,0.935,0.26511,0.56481,3.78879,0.48366,0.55769,0.98589,0.001208,0.001208,0.001208
82,1494.7,0.6707,3.73096,0.60123,0.59726,1.0268,1,0.99472,0.995,0.89174,0.98854,0.9375,0.935,0.32228,0.52938,3.66797,0.47134,0.48722,0.98863,0.0011981,0.0011981,0.0011981
83,1513.98,0.64046,3.41979,0.58709,0.60835,1.03697,1,0.98866,0.995,0.90167,0.9213,0.875,0.84167,0.32154,0.54249,3.52918,0.46431,0.48991,0.99796,0.0011882,0.0011882,0.0011882
84,1533.36,0.643,2.89669,0.64387,0.54949,1.04944,0.93184,0.9375,0.96884,0.85398,0.93184,0.9375,0.92313,0.33517,0.58677,3.49179,0.46454,0.55678,1.0153,0.0011783,0.0011783,0.0011783
85,1552.64,0.67384,3.3463,0.61069,0.59975,1.04727,1,0.99509,0.995,0.86698,1,0.99509,0.995,0.35065,0.59815,3.37481,0.4881,0.51037,1.00875,0.0011684,0.0011684,0.0011684
86,1571.26,0.67777,2.9451,0.59361,0.66562,1.07959,1,0.9951,0.995,0.85313,0.99325,0.9375,0.935,0.33538,0.60063,3.40262,0.50108,0.52039,1.00549,0.0011585,0.0011585,0.0011585
87,1590.38,0.71185,3.19693,0.62451,0.63336,1.12293,0.94072,0.9922,0.99147,0.85815,0.98823,0.9375,0.935,0.33504,0.57673,3.47864,0.50135,0.52823,1.00064,0.0011486,0.0011486,0.0011486
88,1609.73,0.6967,3.77326,0.59772,0.61736,1.08331,0.9911,0.9375,0.98833,0.88497,0.9911,0.9375,0.935,0.33472,0.56079,3.53219,0.49313,0.51798,1.00574,0.0011387,0.0011387,0.0011387
89,1628.5,0.62161,3.06755,0.61374,0.55748,1.00682,0.99517,0.9375,0.96929,0.87472,0.85921,0.8125,0.78767,0.32318,0.60949,3.70707,0.49087,0.58659,1.04621,0.0011288,0.0011288,0.0011288
90,1647.79,0.66676,3.27377,0.61274,0.62501,1.01821,0.9932,0.9375,0.98833,0.85672,0.85954,0.8125,0.79644,0.31457,0.64692,3.74608,0.49461,0.58587,1.08834,0.0011189,0.0011189,0.0011189
91,1667.26,0.6511,3.56796,0.5943,0.60081,1.03383,0.99008,0.9375,0.99147,0.87521,0.92384,0.875,0.871,0.35622,0.6678,3.52178,0.48323,0.55046,1.11561,0.001109,0.001109,0.001109
92,1685.89,0.70224,3.39322,0.59223,0.61709,1.05248,0.98736,0.9375,0.98553,0.869,0.78989,0.75,0.71555,0.29583,0.64826,3.42069,0.47471,0.52954,1.12577,0.0010991,0.0010991,0.0010991
93,1704.61,0.72207,3.51597,0.62413,0.66084,1.10177,0.99025,0.9375,0.99147,0.86475,0.75896,0.8125,0.75063,0.26672,0.60243,3.46303,0.48706,0.50302,1.09125,0.0010892,0.0010892,0.0010892
94,1723.45,0.63695,3.00966,0.60328,0.58184,0.99744,1,0.99337,0.995,0.87385,0.79461,0.75,0.68961,0.23068,0.58743,3.4245,0.48849,0.49116,1.03476,0.0010793,0.0010793,0.0010793
